Student_ID,Name,Email,Phone,Course,Fee_Paid,City,Enrolled_Date
STU1001,Manoj K,manojk@gmail,9876543210,Python,Yes,Chennai,23-05-2025
STU1002,Priya S,priya.s@yahoo.com,98765,Machine Learning,No,Coimbatore,06-05-2025
STU1003,Ravi Kumar,ravikumar@,9123456789,Python,Yes,Madurai,19-02-2025
STU1004,Anitha R,anitha@gmail.com,9000011111,Ml,No,Chennai,05-04-2025
STU1005,Karthik,karthik123,,Python,Yes,,08-02-2025
STU1006,Deepa M,deepam@gmail.com,8123456789,Data Science,Yes,Salem,09-03-2025
STU1007,Suresh T,suresht@,7654321098,Python,No,Trichy,14-01-2025
STU1008,Kavitha,kavitha99@gmail.com,9988776655,Machine Learning,Yes,Chennai,15-01-2025
STU1009,Rajesh Kk,rajeshkk@gmail,8877665544,Python,Yes,Coimbatore,15-05-2025
STU1010,Nithya R,nithyar@yahoo.com,9765432109,Data Science,No,Madurai,25-04-2025
STU1011,Arun P,arunp@gmail.com,7788990011,Python,Yes,Chennai,17-06-2025
STU1012,Meena D,meenad@,,Ml,Yes,Salem,21-02-2025
STU1013,Santhosh V,santhoshv@gmail.com,9900112233,Python,No,Trichy,26-01-2025
STU1014,Lakshmi,lakshmi@gmail,8811223344,Data Science,Yes,Chennai,07-03-2025
STU1015,Vijay S,vijays@yahoo.com,9922334455,Machine Learning,Yes,Coimbatore,24-04-2025
STU1016,Pooja N,poojan@gmail.com,9090909090,Python,No,,16-02-2025
STU1017,Dinesh R,dinesh.r@,8080808080,Data Science,Yes,Madurai,23-02-2025
STU1018,Saranya,saranya22@gmail.com,,Python,Yes,Chennai,11-02-2025
STU1019,Bala K,balak@gmail,7070707070,Machine Learning,No,Salem,12-06-2025
STU1020,Revathi M,revathim@yahoo.com,9191919191,Ml,Yes,Trichy,12-06-2025
STU1021,Muthu S,muthus@gmail.com,8282828282,Python,Yes,Chennai,24-02-2025
STU1022,Geetha,geetha@,9393939393,Data Science,No,Coimbatore,08-05-2025
STU1023,Prasanth J,prasanthj@gmail.com,7474747474,Python,Yes,Madurai,05-03-2025
STU1024,Divya P,divyap@yahoo.com,8585858585,Machine Learning,Yes,Chennai,10-06-2025
STU1025,Senthil K,senthilk@gmail,,Python,No,Trichy,15-05-2025
STU1026,Janaki R,janakir@gmail.com,9696969696,Data Science,Yes,Salem,02-05-2025
STU1027,Ramesh M,rameshm@,7878787878,Python,Yes,Chennai,01-03-2025
STU1028,Usha D,ushad@gmail.com,8989898989,Ml,No,Madurai,21-04-2025
STU1029,Gopal V,gopalv@yahoo,9010101010,Python,Yes,Coimbatore,12-01-2025
STU1030,Thenmozhi,thenmozhi@gmail.com,8121212121,Machine Learning,Yes,,13-04-2025
STU1031,Arjun C,arjunc@gmail.com,7232323232,Python,No,Trichy,15-01-2025
STU1032,Swetha L,swethal@,,Data Science,Yes,Chennai,26-05-2025
STU1033,Naveen B,naveenb@gmail.com,9343434343,Python,Yes,Salem,23-06-2025
STU1034,Mala S,malas@yahoo.com,8454545454,Machine Learning,No,Chennai,21-03-2025
STU1035,Karthi P,karthip@gmail,7565656565,Python,Yes,Coimbatore,14-02-2025
STU1036,Suganya T,suganyt@gmail.com,9676767676,Data Science,Yes,Madurai,10-04-2025
STU1037,Venkatr R,venkatr@,8787878787,Python,No,Trichy,12-02-2025
STU1038,Indira K,indirak@gmail.com,,Ml,Yes,Chennai,01-06-2025
STU1039,Mohan J,mohanj@yahoo.com,9898989898,Python,Yes,Salem,23-01-2025
STU1040,Dharani S,dharanis@gmail,7909090909,Data Science,No,,19-04-2025
STU1041,Kishore M,kishorem@gmail.com,8010101010,Machine Learning,Yes,Chennai,21-02-2025
STU1042,Padma V,padmav@,9121212121,Python,Yes,Coimbatore,22-03-2025
STU1043,Balaji T,balajit@gmail.com,7232323232,Data Science,No,Madurai,17-03-2025
STU1044,Rekha N,rekhan@yahoo.com,,Python,Yes,Chennai,05-02-2025
STU1045,Selvam K,selvamk@gmail,8343434343,Machine Learning,Yes,Salem,28-02-2025
STU1046,Chitra R,chitrar@gmail.com,9454545454,Ml,No,Trichy,15-03-2025
STU1047,Ganesh P,ganeshp@,7565656565,Python,Yes,Chennai,27-06-2025
STU1048,Latha S,lathas@gmail.com,8676767676,Data Science,Yes,Coimbatore,04-04-2025
STU1049,Suresh B,sureshb@yahoo,,Python,No,Madurai,20-04-2025
STU1050,Ammu K,ammuk@gmail.com,9787878787,Machine Learning,Yes,Chennai,13-02-2025
